Workbook

Sheet Dados das ações
A1: Date | B1: PETR4.SA | C1: VALE3.SA | D1: ABEV3.SA | E1: AZUL4.SA | F1: B3SA3.SA | G1: LREN3.SA | H1: RENT3.SA | I1: MRFG3.SA | J1: PCAR3.SA | K1: PETR3.SA | L1: CSNA3.SA | M1: SBSP3.SA | N1: RAIL3.SA | O1: RDOR3.SA | P1: PRIO3.SA | Q1: WEGE3.SA
A2: 02/01/2024 | B2: 30.855398 | C2: 70.522316 | D2: 12.993819 | E2: 14.7 | F2: 13.715865 | G2: 14.94535 | H2: 58.893494 | I2: 8.2742262 | J2: 4.1900001 | K2: 32.549549 | L2: 17.525312 | M2: 72.345551 | N2: 22.14802 | O2: 27.091566 | P2: 45.349998 | Q2: 35.927731
A3: 03/01/2024 | B3: 31.81912 | C3: 70.156204 | D3: 12.889565 | E3: 14.21 | F3: 13.677146 | G3: 14.667458 | H3: 58.547401 | I3: 8.2399292 | J3: 4.6300001 | K3: 33.657684 | L3: 17.678806 | M3: 72.188347 | N3: 22.277422 | O3: 26.847408 | P3: 46.880001 | Q3: 36.202808
A4: 04/01/2024 | B4: 31.549606 | C4: 69.21347 | D4: 12.936953 | E4: 13.84 | F4: 13.280286 | G4: 14.094307 | H4: 57.326458 | I4: 8.0341454 | J4: 4.4499998 | K4: 33.111889 | L4: 17.416964 | M4: 71.343346 | N4: 22.297331 | O4: 26.603254 | P4: 46.419998 | Q4: 35.72142
A5: 05/01/2024 | B5: 31.623112 | C5: 68.325645 | D5: 12.889565 | E5: 13.83 | F5: 13.522275 | G5: 14.450355 | H5: 58.162853 | I5: 8.1198893 | J5: 4.0999999 | K5: 33.401325 | L5: 17.371819 | M5: 71.087883 | N5: 22.546185 | O5: 27.34549 | P5: 46.080002 | Q5: 35.338268
A6: 08/01/2024 | B6: 31.386261 | C6: 67.977829 | D6: 12.993819 | E6: 14.89 | F6: 13.822338 | G6: 15.006139 | H6: 60.374001 | I6: 8.1456118 | J6: 4.0900002 | K6: 32.781097 | L6: 17.380848 | M6: 71.98201 | N6: 23.531647 | O6: 28.204918 | P6: 45.75 | Q6: 35.426693
A7: 09/01/2024 | B7: 31.116749 | C7: 67.117485 | D7: 12.90852 | E7: 14.82 | F7: 13.609391 | G7: 14.597987 | H7: 59.806789 | I7: 8.1541862 | J7: 3.9200001 | K7: 32.599167 | L7: 16.604351 | M7: 72.168694 | N7: 23.39229 | O7: 27.8631 | P7: 46.279999 | Q7: 34.552319
A8: 10/01/2024 | B8: 30.8309 | C8: 66.110664 | D8: 13.041207 | E8: 14.69 | F8: 13.473877 | G8: 14.320093 | H8: 60.566277 | I8: 8.1198893 | J8: 3.77 | K8: 32.276646 | L8: 16.170959 | M8: 73.455841 | N8: 23.700869 | O8: 27.765438 | P8: 44.349998 | Q8: 34.699688
A9: 11/01/2024 | B9: 31.092249 | C9: 66.458473 | D9: 12.851655 | E9: 14.22 | F9: 13.502914 | G9: 14.285357 | H9: 58.653149 | I9: 7.9827003 | J9: 3.6700001 | K9: 32.607433 | L9: 16.134844 | M9: 75.253914 | N9: 23.004078 | O9: 27.394318 | P9: 45.5 | Q9: 34.208469
A10: 12/01/2024 | B10: 31.173914 | C10: 65.616417 | D10: 12.880088 | E10: 13.97 | F10: 13.648108 | G10: 14.728248 | H10: 58.643536 | I10: 8.1970587 | J10: 4.0799999 | K10: 32.781097 | L10: 16.161932 | M10: 75.696068 | N10: 23.362427 | O10: 27.579878 | P10: 46.080002 | Q10: 34.061104
A11: 15/01/2024 | B11: 31.508772 | C11: 65.488281 | D11: 12.880088 | E11: 13.64 | F11: 13.677146 | G11: 14.762983 | H11: 58.816582 | I11: 8.2313557 | J11: 5 | K11: 33.111889 | L11: 16.107758 | M11: 75.951538 | N11: 23.183252 | O11: 27.687307 | P11: 47.07 | Q11: 33.717251
A12: 16/01/2024 | B12: 31.116749 | C12: 64.637062 | D12: 12.652625 | E12: 12.92 | F12: 13.531953 | G12: 14.511146 | H12: 57.951347 | I12: 8.0255709 | J12: 4.7600002 | K12: 32.74802 | L12: 15.520872 | M12: 74.87072 | N12: 22.665636 | O12: 26.788815 | P12: 45.880001 | Q12: 33.019718
A13: 17/01/2024 | B13: 30.937075 | C13: 63.474663 | D13: 12.728446 | E13: 12.55 | F13: 13.289965 | G13: 14.571934 | H13: 58.585854 | I13: 7.9312539 | J13: 4.5799999 | K13: 32.475124 | L13: 15.069421 | M13: 75.293221 | N13: 21.919073 | O13: 26.300501 | P13: 45.049999 | Q13: 32.813404
... A245: 30/12/2024 | B245: 36.189999 | C245: 54.549999 | D245: 11.74 | E245: 3.54 | F245: 10.255966 | G245: 12.12 | H245: 32.200001 | I245: 17.030001 | J245: 2.55 | K245: 39.41 | L245: 8.8599997 | M245: 88.5 | N245: 17.84 | O245: 25.42 | P245: 40.150002 | Q245: 52.77

Sheet ConsolidatedData
A1: Date | B1: PETR4.SA | C1: VALE3.SA | D1: ABEV3.SA | E1: AZUL4.SA | F1: B3SA3.SA | G1: LREN3.SA | H1: RENT3.SA | I1: MRFG3.SA | J1: PCAR3.SA | K1: PETR3.SA | L1: CSNA3.SA | M1: SBSP3.SA | N1: RAIL3.SA | O1: RDOR3.SA | P1: PRIO3.SA | Q1: WEGE3.SA
A2: 02/01/2024
A3: 03/01/2024 | B3: ='Dados das ações'!B3/'Dados das ações'!B2-1 -> 0.031233505 | C3: ='Dados das ações'!C3/'Dados das ações'!C2-1 -> -0.0051914313 | D3: ='Dados das ações'!D3/'Dados das ações'!D2-1 -> -0.0080233353 | E3: ='Dados das ações'!E3/'Dados das ações'!E2-1 -> -0.033333318 | F3: ='Dados das ações'!F3/'Dados das ações'!F2-1 -> -0.0028229482 | G3: ='Dados das ações'!G3/'Dados das ações'!G2-1 -> -0.018593885 | H3: ='Dados das ações'!H3/'Dados das ações'!H2-1 -> -0.0058765783 | I3: ='Dados das ações'!I3/'Dados das ações'!I2-1 -> -0.0041450389 | ... Q3: ='Dados das ações'!Q3/'Dados das ações'!Q2-1 -> 0.0076564207
A4: 04/01/2024 | B4: ='Dados das ações'!B4/'Dados das ações'!B3-1 -> -0.0084701928 | C4: ='Dados das ações'!C4/'Dados das ações'!C3-1 -> -0.013437639 | D4: ='Dados das ações'!D4/'Dados das ações'!D3-1 -> 0.0036763942 | E4: ='Dados das ações'!E4/'Dados das ações'!E3-1 -> -0.026037993 | F4: ='Dados das ações'!F4/'Dados das ações'!F3-1 -> -0.029016297 | G4: ='Dados das ações'!G4/'Dados das ações'!G3-1 -> -0.039076345 | H4: ='Dados das ações'!H4/'Dados das ações'!H3-1 -> -0.020853931 | I4: ='Dados das ações'!I4/'Dados das ações'!I3-1 -> -0.024973982 | ... Q4: ='Dados das ações'!Q4/'Dados das ações'!Q3-1 -> -0.013296982
A5: 05/01/2024 | B5: ='Dados das ações'!B5/'Dados das ações'!B4-1 -> 0.0023298358 | C5: ='Dados das ações'!C5/'Dados das ações'!C4-1 -> -0.012827344 | D5: ='Dados das ações'!D5/'Dados das ações'!D4-1 -> -0.0036629278 | E5: ='Dados das ações'!E5/'Dados das ações'!E4-1 -> -0.00072255988 | F5: ='Dados das ações'!F5/'Dados das ações'!F4-1 -> 0.018221681 | G5: ='Dados das ações'!G5/'Dados das ações'!G4-1 -> 0.025261805 | H5: ='Dados das ações'!H5/'Dados das ações'!H4-1 -> 0.014590039 | I5: ='Dados das ações'!I5/'Dados das ações'!I4-1 -> 0.010672436 | ... Q5: ='Dados das ações'!Q5/'Dados das ações'!Q4-1 -> -0.010726113
A6: 08/01/2024 | B6: ='Dados das ações'!B6/'Dados das ações'!B5-1 -> -0.0074897986 | C6: ='Dados das ações'!C6/'Dados das ações'!C5-1 -> -0.0050905698 | D6: ='Dados das ações'!D6/'Dados das ações'!D5-1 -> 0.0080882299 | E6: ='Dados das ações'!E6/'Dados das ações'!E5-1 -> 0.076645005 | F6: ='Dados das ações'!F6/'Dados das ações'!F5-1 -> 0.022190285 | G6: ='Dados das ações'!G6/'Dados das ações'!G5-1 -> 0.038461632 | H6: ='Dados das ações'!H6/'Dados das ações'!H5-1 -> 0.038016486 | I6: ='Dados das ações'!I6/'Dados das ações'!I5-1 -> 0.0031678392 | ... Q6: ='Dados das ações'!Q6/'Dados das ações'!Q5-1 -> 0.0025022359
A7: 09/01/2024 | B7: ='Dados das ações'!B7/'Dados das ações'!B6-1 -> -0.0085869475 | C7: ='Dados das ações'!C7/'Dados das ações'!C6-1 -> -0.012656243 | D7: ='Dados das ações'!D7/'Dados das ações'!D6-1 -> -0.0065646205 | E7: ='Dados das ações'!E7/'Dados das ações'!E6-1 -> -0.0047011852 | F7: ='Dados das ações'!F7/'Dados das ações'!F6-1 -> -0.015405996 | G7: ='Dados das ações'!G7/'Dados das ações'!G6-1 -> -0.027198977 | H7: ='Dados das ações'!H7/'Dados das ações'!H6-1 -> -0.0093949572 | I7: ='Dados das ações'!I7/'Dados das ações'!I6-1 -> 0.0010526509 | ... Q7: ='Dados das ações'!Q7/'Dados das ações'!Q6-1 -> -0.024681231
A8: 10/01/2024 | B8: ='Dados das ações'!B8/'Dados das ações'!B7-1 -> -0.0091863266 | C8: ='Dados das ações'!C8/'Dados das ações'!C7-1 -> -0.01500087 | D8: ='Dados das ações'!D8/'Dados das ações'!D7-1 -> 0.010279069 | E8: ='Dados das ações'!E8/'Dados das ações'!E7-1 -> -0.0087719377 | F8: ='Dados das ações'!F8/'Dados das ações'!F7-1 -> -0.0099574079 | G8: ='Dados das ações'!G8/'Dados das ações'!G7-1 -> -0.019036461 | H8: ='Dados das ações'!H8/'Dados das ações'!H7-1 -> 0.012699012 | I8: ='Dados das ações'!I8/'Dados das ações'!I7-1 -> -0.0042060591 | ... Q8: ='Dados das ações'!Q8/'Dados das ações'!Q7-1 -> 0.0042651084 | S8: Rank | T8: Retorno medio | U8: Stock
A9: 11/01/2024 | B9: ='Dados das ações'!B9/'Dados das ações'!B8-1 -> 0.0084768438 | C9: ='Dados das ações'!C9/'Dados das ações'!C8-1 -> 0.0052610096 | D9: ='Dados das ações'!D9/'Dados das ações'!D8-1 -> -0.014534874 | E9: ='Dados das ações'!E9/'Dados das ações'!E8-1 -> -0.031994508 | F9: ='Dados das ações'!F9/'Dados das ações'!F8-1 -> 0.0021550943 | G9: ='Dados das ações'!G9/'Dados das ações'!G8-1 -> -0.0024256602 | H9: ='Dados das ações'!H9/'Dados das ações'!H8-1 -> -0.031587345 | I9: ='Dados das ações'!I9/'Dados das ações'!I8-1 -> -0.016895417 | ... Q9: ='Dados das ações'!Q9/'Dados das ações'!Q8-1 -> -0.014156282 | S9: 1 | T9: =LARGE($B$247:$Q$247,S9) -> 0.0034539234 | U9: =_xlfn.XLOOKUP($T9,$B$247:$Q$247,$B$1:$Q$1,"N",0) -> MRFG3.SA
A10: 12/01/2024 | B10: ='Dados das ações'!B10/'Dados das ações'!B9-1 -> 0.0026265401 | C10: ='Dados das ações'!C10/'Dados das ações'!C9-1 -> -0.012670413 | D10: ='Dados das ações'!D10/'Dados das ações'!D9-1 -> 0.0022123879 | E10: ='Dados das ações'!E10/'Dados das ações'!E9-1 -> -0.017580872 | F10: ='Dados das ações'!F10/'Dados das ações'!F9-1 -> 0.010752794 | G10: ='Dados das ações'!G10/'Dados das ações'!G9-1 -> 0.031003086 | H10: ='Dados das ações'!H10/'Dados das ações'!H9-1 -> -0.00016389635 | I10: ='Dados das ações'!I10/'Dados das ações'!I9-1 -> 0.026852859 | ... Q10: ='Dados das ações'!Q10/'Dados das ações'!Q9-1 -> -0.004307868 | S10: =S9+1 -> 2 | T10: =LARGE($B$247:$Q$247,S10) -> 0.001730951 | U10: =_xlfn.XLOOKUP($T10,$B$247:$Q$247,$B$1:$Q$1,"N",0) -> WEGE3.SA
A11: 15/01/2024 | B11: ='Dados das ações'!B11/'Dados das ações'!B10-1 -> 0.010741607 | C11: ='Dados das ações'!C11/'Dados das ações'!C10-1 -> -0.0019527991 | D11: ='Dados das ações'!D11/'Dados das ações'!D10-1 -> 0 | E11: ='Dados das ações'!E11/'Dados das ações'!E10-1 -> -0.023622041 | F11: ='Dados das ações'!F11/'Dados das ações'!F10-1 -> 0.0021275824 | G11: ='Dados das ações'!G11/'Dados das ações'!G10-1 -> 0.0023584394 | H11: ='Dados das ações'!H11/'Dados das ações'!H10-1 -> 0.0029508131 | I11: ='Dados das ações'!I11/'Dados das ações'!I10-1 -> 0.0041840605 | ... Q11: ='Dados das ações'!Q11/'Dados das ações'!Q10-1 -> -0.010095181 | S11: =S10+1 -> 3 | T11: =LARGE($B$247:$Q$247,S11) -> 0.0010521641 | U11: =_xlfn.XLOOKUP($T11,$B$247:$Q$247,$B$1:$Q$1,"N",0) -> PETR3.SA
A12: 16/01/2024 | B12: ='Dados das ações'!B12/'Dados das ações'!B11-1 -> -0.012441713 | C12: ='Dados das ações'!C12/'Dados das ações'!C11-1 -> -0.012998038 | D12: ='Dados das ações'!D12/'Dados das ações'!D11-1 -> -0.017660032 | E12: ='Dados das ações'!E12/'Dados das ações'!E11-1 -> -0.052785942 | F12: ='Dados das ações'!F12/'Dados das ações'!F11-1 -> -0.010615745 | G12: ='Dados das ações'!G12/'Dados das ações'!G11-1 -> -0.017058729 | H12: ='Dados das ações'!H12/'Dados das ações'!H11-1 -> -0.014710722 | I12: ='Dados das ações'!I12/'Dados das ações'!I11-1 -> -0.02500011 | ... Q12: ='Dados das ações'!Q12/'Dados das ações'!Q11-1 -> -0.020687708 | S12: =S11+1 -> 4 | T12: =LARGE($B$247:$Q$247,S12) -> 0.0009418589 | U12: =_xlfn.XLOOKUP($T12,$B$247:$Q$247,$B$1:$Q$1,"N",0) -> SBSP3.SA
A13: 17/01/2024 | B13: ='Dados das ações'!B13/'Dados das ações'!B12-1 -> -0.0057741941 | C13: ='Dados das ações'!C13/'Dados das ações'!C12-1 -> -0.01798348 | D13: ='Dados das ações'!D13/'Dados das ações'!D12-1 -> 0.0059925053 | E13: ='Dados das ações'!E13/'Dados das ações'!E12-1 -> -0.028637762 | F13: ='Dados das ações'!F13/'Dados das ações'!F12-1 -> -0.017882724 | G13: ='Dados das ações'!G13/'Dados das ações'!G12-1 -> 0.0041890666 | H13: ='Dados das ações'!H13/'Dados das ações'!H12-1 -> 0.010948947 | I13: ='Dados das ações'!I13/'Dados das ações'!I12-1 -> -0.011752056 | ... Q13: ='Dados das ações'!Q13/'Dados das ações'!Q12-1 -> -0.0062482086 | S13: =S12+1 -> 5 | T13: =LARGE($B$247:$Q$247,S13) -> 0.0007839934 | U13: =_xlfn.XLOOKUP($T13,$B$247:$Q$247,$B$1:$Q$1,"N",0) -> PETR4.SA
A14: 18/01/2024 | B14: ='Dados das ações'!B14/'Dados das ações'!B13-1 -> -0.0039598797 | C14: ='Dados das ações'!C14/'Dados das ações'!C13-1 -> -0.0050468458 | D14: ='Dados das ações'!D14/'Dados das ações'!D13-1 -> -0.0067014851 | E14: ='Dados das ações'!E14/'Dados das ações'!E13-1 -> 0.0055776648 | F14: ='Dados das ações'!F14/'Dados das ações'!F13-1 -> 0.0087400286 | G14: ='Dados das ações'!G14/'Dados das ações'!G13-1 -> -0.017282579 | H14: ='Dados das ações'!H14/'Dados das ações'!H13-1 -> -0.025927192 | I14: ='Dados das ações'!I14/'Dados das ações'!I13-1 -> -0.016216213 | ... Q14: ='Dados das ações'!Q14/'Dados das ações'!Q13-1 -> -0.0077845
A15: 19/01/2024 | B15: ='Dados das ações'!B15/'Dados das ações'!B14-1 -> -0.0053008509 | C15: ='Dados das ações'!C15/'Dados das ações'!C14-1 -> -0.013043561 | D15: ='Dados das ações'!D15/'Dados das ações'!D14-1 -> 0.00074970017 | E15: ='Dados das ações'!E15/'Dados das ações'!E14-1 -> 0.038827241 | F15: ='Dados das ações'!F15/'Dados das ações'!F14-1 -> -0.0043321156 | G15: ='Dados das ações'!G15/'Dados das ações'!G14-1 -> 0.013947996 | H15: ='Dados das ações'!H15/'Dados das ações'!H14-1 -> 0.012297873 | I15: ='Dados das ações'!I15/'Dados das ações'!I14-1 -> 0.016483513 | ... Q15: ='Dados das ações'!Q15/'Dados das ações'!Q14-1 -> 0.010259669
A16: 22/01/2024 | B16: ='Dados das ações'!B16/'Dados das ações'!B15-1 -> 0.004529601 | C16: ='Dados das ações'!C16/'Dados das ações'!C15-1 -> -0.0044051923 | D16: ='Dados das ações'!D16/'Dados das ações'!D15-1 -> 0.00074898779 | E16: ='Dados das ações'!E16/'Dados das ações'!E15-1 -> 0.010678898 | F16: ='Dados das ações'!F16/'Dados das ações'!F15-1 -> -0.022480078 | G16: ='Dados das ações'!G16/'Dados das ações'!G15-1 -> -0.05442582 | H16: ='Dados das ações'!H16/'Dados das ações'!H15-1 -> -0.022965501 | I16: ='Dados das ações'!I16/'Dados das ações'!I15-1 -> -0.007567526 | ... Q16: ='Dados das ações'!Q16/'Dados das ações'!Q15-1 -> -0.0029867412 | T16: MRFG3.SA
A17: 23/01/2024 | B17: ='Dados das ações'!B17/'Dados das ações'!B16-1 -> 0.01246675 | C17: ='Dados das ações'!C17/'Dados das ações'!C16-1 -> 0.020648893 | D17: ='Dados das ações'!D17/'Dados das ações'!D16-1 -> 0.00074850254 | E17: ='Dados das ações'!E17/'Dados das ações'!E16-1 -> 0.021132055 | F17: ='Dados das ações'!F17/'Dados das ações'!F16-1 -> 0.018545957 | G17: ='Dados das ações'!G17/'Dados das ações'!G16-1 -> 0.0063250078 | H17: ='Dados das ações'!H17/'Dados das ações'!H16-1 -> 0.008686712 | I17: ='Dados das ações'!I17/'Dados das ações'!I16-1 -> 0.018518494 | ... Q17: ='Dados das ações'!Q17/'Dados das ações'!Q16-1 -> 0.011683453 | T17: WEGE3.SA
A18: 24/01/2024 | B18: ='Dados das ações'!B18/'Dados das ações'!B17-1 -> -0.0075973551 | C18: ='Dados das ações'!C18/'Dados das ações'!C17-1 -> 0.010115692 | D18: ='Dados das ações'!D18/'Dados das ações'!D17-1 -> -0.0067314844 | E18: ='Dados das ações'!E18/'Dados das ações'!E17-1 -> -0.019216503 | F18: ='Dados das ações'!F18/'Dados das ações'!F17-1 -> -0.0072831777 | G18: ='Dados das ações'!G18/'Dados das ações'!G17-1 -> -0.0069138617 | H18: ='Dados das ações'!H18/'Dados das ações'!H17-1 -> -0.0099628395 | I18: ='Dados das ações'!I18/'Dados das ações'!I17-1 -> 0.029946478 | ... Q18: ='Dados das ações'!Q18/'Dados das ações'!Q17-1 -> -0.0088837383 | T18: PETR3.SA
A19: 25/01/2024 | B19: ='Dados das ações'!B19/'Dados das ações'!B18-1 -> 0.036958652 | C19: ='Dados das ações'!C19/'Dados das ações'!C18-1 -> -0.024606732 | D19: ='Dados das ações'!D19/'Dados das ações'!D18-1 -> -0.0060240927 | E19: ='Dados das ações'!E19/'Dados das ações'!E18-1 -> 0.060286301 | F19: ='Dados das ações'!F19/'Dados das ações'!F18-1 -> -0.014673512 | G19: ='Dados das ações'!G19/'Dados das ações'!G18-1 -> 0.022151888 | H19: ='Dados das ações'!H19/'Dados das ações'!H18-1 -> -0.0046051746 | I19: ='Dados das ações'!I19/'Dados das ações'!I18-1 -> 0.011422616 | ... Q19: ='Dados das ações'!Q19/'Dados das ações'!Q18-1 -> -0.0065728415 | T19: SBSP3.SA
A20: 26/01/2024 | B20: ='Dados das ações'!B20/'Dados das ações'!B19-1 -> 0.017311672 | C20: ='Dados das ações'!C20/'Dados das ações'!C19-1 -> 0.019360556 | D20: ='Dados das ações'!D20/'Dados das ações'!D19-1 -> 0 | E20: ='Dados das ações'!E20/'Dados das ações'!E19-1 -> 0.014214696 | F20: ='Dados das ações'!F20/'Dados das ações'!F19-1 -> -0.015636728 | G20: ='Dados das ações'!G20/'Dados das ações'!G19-1 -> -0.022910281 | H20: ='Dados das ações'!H20/'Dados das ações'!H19-1 -> -0.036326216 | I20: ='Dados das ações'!I20/'Dados das ações'!I19-1 -> 0 | ... Q20: ='Dados das ações'!Q20/'Dados das ações'!Q19-1 -> -0.0024061079 | T20: PETR4.SA
A21: 29/01/2024 | B21: ='Dados das ações'!B21/'Dados das ações'!B20-1 -> 0.015265296 | C21: ='Dados das ações'!C21/'Dados das ações'!C20-1 -> -0.004748226 | D21: ='Dados das ações'!D21/'Dados das ações'!D20-1 -> 0.0037878765 | E21: ='Dados das ações'!E21/'Dados das ações'!E20-1 -> -0.030133167 | F21: ='Dados das ações'!F21/'Dados das ações'!F20-1 -> -0.00075645198 | G21: ='Dados das ações'!G21/'Dados das ações'!G20-1 -> -0.0044358817 | H21: ='Dados das ações'!H21/'Dados das ações'!H20-1 -> -0.014046969 | I21: ='Dados das ações'!I21/'Dados das ações'!I20-1 -> -0.027720678 | ... Q21: ='Dados das ações'!Q21/'Dados das ações'!Q20-1 -> 0.0024119112
A22: 30/01/2024 | B22: ='Dados das ações'!B22/'Dados das ações'!B21-1 -> -0.0061621801 | C22: ='Dados das ações'!C22/'Dados das ações'!C21-1 -> -0.0056382406 | D22: ='Dados das ações'!D22/'Dados das ações'!D21-1 -> -0.015849047 | E22: ='Dados das ações'!E22/'Dados das ações'!E21-1 -> -0.046242799 | F22: ='Dados das ações'!F22/'Dados das ações'!F21-1 -> -0.015896921 | G22: ='Dados das ações'!G22/'Dados das ações'!G21-1 -> -0.0082750315 | H22: ='Dados das ações'!H22/'Dados das ações'!H21-1 -> -0.017312785 | I22: ='Dados das ações'!I22/'Dados das ações'!I21-1 -> -0.029567126 | ... Q22: ='Dados das ações'!Q22/'Dados das ações'!Q21-1 -> -0.0078196171
A23: 31/01/2024 | B23: ='Dados das ações'!B23/'Dados das ações'!B22-1 -> 0.010912655 | C23: ='Dados das ações'!C23/'Dados das ações'!C22-1 -> -0.014829842 | D23: ='Dados das ações'!D23/'Dados das ações'!D22-1 -> 0.0030674828 | E23: ='Dados das ações'!E23/'Dados das ações'!E22-1 -> 0.015151501 | F23: ='Dados das ações'!F23/'Dados das ações'!F22-1 -> 0.0069230531 | G23: ='Dados das ações'!G23/'Dados das ações'!G22-1 -> 0.030166914 | H23: ='Dados das ações'!H23/'Dados das ações'!H22-1 -> -0.0067903545 | I23: ='Dados das ações'!I23/'Dados das ações'!I22-1 -> 0.023939142 | ... Q23: ='Dados das ações'!Q23/'Dados das ações'!Q22-1 -> -0.019702996
A24: 01/02/2024 | B24: ='Dados das ações'!B24/'Dados das ações'!B23-1 -> 0.019872539 | C24: ='Dados das ações'!C24/'Dados das ações'!C23-1 -> -0.0045750386 | D24: ='Dados das ações'!D24/'Dados das ações'!D23-1 -> -0.00076452552 | E24: ='Dados das ações'!E24/'Dados das ações'!E23-1 -> -0.011194002 | F24: ='Dados das ações'!F24/'Dados das ações'!F23-1 -> 0.015278762 | G24: ='Dados das ações'!G24/'Dados das ações'!G23-1 -> 0.0068536219 | H24: ='Dados das ações'!H24/'Dados das ações'!H23-1 -> 0.0066519434 | I24: ='Dados das ações'!I24/'Dados das ações'!I23-1 -> -0.022316739 | ... Q24: ='Dados das ações'!Q24/'Dados das ações'!Q23-1 -> 0.0089673303
A25: 02/02/2024 | B25: ='Dados das ações'!B25/'Dados das ações'!B24-1 -> -0.012990248 | C25: ='Dados das ações'!C25/'Dados das ações'!C24-1 -> -0.020311334 | D25: ='Dados das ações'!D25/'Dados das ações'!D24-1 -> 0 | E25: ='Dados das ações'!E25/'Dados das ações'!E24-1 -> 0.036226381 | F25: ='Dados das ações'!F25/'Dados das ações'!F24-1 -> -0.0090293152 | G25: ='Dados das ações'!G25/'Dados das ações'!G24-1 -> -0.025990247 | H25: ='Dados das ações'!H25/'Dados das ações'!H24-1 -> -0.016887014 | I25: ='Dados das ações'!I25/'Dados das ações'!I24-1 -> -0.010869523 | ... Q25: ='Dados das ações'!Q25/'Dados das ações'!Q24-1 -> -0.0012257941
A26: 05/02/2024 | B26: ='Dados das ações'!B26/'Dados das ações'!B25-1 -> 0.0043869959 | C26: ='Dados das ações'!C26/'Dados das ações'!C25-1 -> -0.0086258436 | D26: ='Dados das ações'!D26/'Dados das ações'!D25-1 -> 0.0015302209 | E26: ='Dados das ações'!E26/'Dados das ações'!E25-1 -> -0.059723214 | F26: ='Dados das ações'!F26/'Dados das ações'!F25-1 -> -0.0075930138 | G26: ='Dados das ações'!G26/'Dados das ações'!G25-1 -> -0.045743248 | H26: ='Dados das ações'!H26/'Dados das ações'!H25-1 -> 0.0033607837 | I26: ='Dados das ações'!I26/'Dados das ações'!I25-1 -> -0.0010989212 | ... Q26: ='Dados das ações'!Q26/'Dados das ações'!Q25-1 -> 0.020558233
A27: 06/02/2024 | B27: ='Dados das ações'!B27/'Dados das ações'!B26-1 -> 0.0092212228 | C27: ='Dados das ações'!C27/'Dados das ações'!C26-1 -> 0.017707235 | D27: ='Dados das ações'!D27/'Dados das ações'!D26-1 -> 0.010695181 | E27: ='Dados das ações'!E27/'Dados das ações'!E26-1 -> 0.037955056 | F27: ='Dados das ações'!F27/'Dados das ações'!F26-1 -> 0.010711492 | G27: ='Dados das ações'!G27/'Dados das ações'!G26-1 -> 0.039280966 | H27: ='Dados das ações'!H27/'Dados das ações'!H26-1 -> -0.019538586 | I27: ='Dados das ações'!I27/'Dados das ações'!I26-1 -> 0.029702904 | ... Q27: ='Dados das ações'!Q27/'Dados das ações'!Q26-1 -> -0.00060111273
A28: 07/02/2024 | B28: ='Dados das ações'!B28/'Dados das ações'!B27-1 -> 0.014666902 | C28: ='Dados das ações'!C28/'Dados das ações'!C27-1 -> 0.001949867 | D28: ='Dados das ações'!D28/'Dados das ações'!D27-1 -> -0.017384721 | E28: ='Dados das ações'!E28/'Dados das ações'!E27-1 -> -0.029104433 | F28: ='Dados das ações'!F28/'Dados das ações'!F27-1 -> 0.016654169 | G28: ='Dados das ações'!G28/'Dados das ações'!G27-1 -> -0.0064061165 | H28: ='Dados das ações'!H28/'Dados das ações'!H27-1 -> 0.015752493 | I28: ='Dados das ações'!I28/'Dados das ações'!I27-1 -> 0.012820511 | ... Q28: ='Dados das ações'!Q28/'Dados das ações'!Q27-1 -> 0.011732662
A29: 08/02/2024 | B29: ='Dados das ações'!B29/'Dados das ações'!B28-1 -> -0.0080569005 | C29: ='Dados das ações'!C29/'Dados das ações'!C28-1 -> -0.0088323522 | D29: ='Dados das ações'!D29/'Dados das ações'!D28-1 -> -0.0038461515 | E29: ='Dados das ações'!E29/'Dados das ações'!E28-1 -> -0.048424297 | F29: ='Dados das ações'!F29/'Dados das ações'!F28-1 -> -0.020104322 | G29: ='Dados das ações'!G29/'Dados das ações'!G28-1 -> -0.035460984 | H29: ='Dados das ações'!H29/'Dados das ações'!H28-1 -> -0.016255533 | I29: ='Dados das ações'!I29/'Dados das ações'!I28-1 -> -0.026371266 | ... Q29: ='Dados das ações'!Q29/'Dados das ações'!Q28-1 -> 0.005055033
A30: 09/02/2024 | B30: ='Dados das ações'!B30/'Dados das ações'!B29-1 -> -0.013377935 | C30: ='Dados das ações'!C30/'Dados das ações'!C29-1 -> -0.0043799912 | D30: ='Dados das ações'!D30/'Dados das ações'!D29-1 -> 0 | E30: ='Dados das ações'!E30/'Dados das ações'!E29-1 -> -0.018578392 | F30: ='Dados das ações'!F30/'Dados das ações'!F29-1 -> 0.0060790569 | G30: ='Dados das ações'!G30/'Dados das ações'!G29-1 -> -0.0086898159 | H30: ='Dados das ações'!H30/'Dados das ações'!H29-1 -> -0.0028490342 | I30: ='Dados das ações'!I30/'Dados das ações'!I29-1 -> -0.024918719 | ... Q30: ='Dados das ações'!Q30/'Dados das ações'!Q29-1 -> -0.012721869
A31: 14/02/2024 | B31: ='Dados das ações'!B31/'Dados das ações'!B30-1 -> -0.007505957 | C31: ='Dados das ações'!C31/'Dados das ações'!C30-1 -> -0.0030339789 | D31: ='Dados das ações'!D31/'Dados das ações'!D30-1 -> -0.0023166009 | E31: ='Dados das ações'!E31/'Dados das ações'!E30-1 -> -0.00082298564 | F31: ='Dados das ações'!F31/'Dados das ações'!F30-1 -> -0.028701008 | G31: ='Dados das ações'!G31/'Dados das ações'!G30-1 -> -0.015509192 | H31: ='Dados das ações'!H31/'Dados das ações'!H30-1 -> -0.0095237635 | I31: ='Dados das ações'!I31/'Dados das ações'!I30-1 -> -0.018888927 | ... Q31: ='Dados das ações'!Q31/'Dados das ações'!Q30-1 -> 0.0047945622
A32: 15/02/2024 | B32: ='Dados das ações'!B32/'Dados das ações'!B31-1 -> 0.031958881 | C32: ='Dados das ações'!C32/'Dados das ações'!C31-1 -> -0.0031953503 | D32: ='Dados das ações'!D32/'Dados das ações'!D31-1 -> -0.0054179533 | E32: ='Dados das ações'!E32/'Dados das ações'!E31-1 -> 0.0016474056 | F32: ='Dados das ações'!F32/'Dados das ações'!F31-1 -> -0.013219216 | G32: ='Dados das ações'!G32/'Dados das ações'!G31-1 -> -0.0089041612 | H32: ='Dados das ações'!H32/'Dados das ações'!H31-1 -> 0.0024999054 | I32: ='Dados das ações'!I32/'Dados das ações'!I31-1 -> 0.031710096 | ... Q32: ='Dados das ações'!Q32/'Dados das ações'!Q31-1 -> -0.0095435998
... A245: 30/12/2024 | B245: ='Dados das ações'!B245/'Dados das ações'!B244-1 -> 0.014862557 | C245: ='Dados das ações'!C245/'Dados das ações'!C244-1 -> -0.0034709981 | D245: ='Dados das ações'!D245/'Dados das ações'!D244-1 -> -0.027340508 | E245: ='Dados das ações'!E245/'Dados das ações'!E244-1 -> 0.05357145 | F245: ='Dados das ações'!F245/'Dados das ações'!F244-1 -> -0.0038609309 | G245: ='Dados das ações'!G245/'Dados das ações'!G244-1 -> -0.0081833371 | H245: ='Dados das ações'!H245/'Dados das ações'!H244-1 -> -0.0092307458 | I245: ='Dados das ações'!I245/'Dados das ações'!I244-1 -> 0.025903632 | ... Q245: ='Dados das ações'!Q245/'Dados das ações'!Q244-1 -> -0.016952307
B247: =AVERAGE(B3:B245) -> 0.0007839934 | C247: =AVERAGE(C3:C245) -> -0.00095048386 | D247: =AVERAGE(D3:D245) -> -0.00033297111 | E247: =AVERAGE(E3:E245) -> -0.0046473627 | F247: =AVERAGE(F3:F245) -> -0.0010323227 | G247: =AVERAGE(G3:G245) -> -0.00048525798 | H247: =AVERAGE(H3:H245) -> -0.0021371576 | I247: =AVERAGE(I3:I245) -> 0.0034539234 | ... Q247: =AVERAGE(Q3:Q245) -> 0.001730951

Sheet CumulativeReturns
A1: Date | B1: MRFG3.SA | C1: WEGE3.SA | D1: PETR3.SA | E1: SBSP3.SA | F1: PETR4.SA | H1: Date | I1: MRFG3.SA | J1: WEGE3.SA | K1: PETR3.SA | L1: SBSP3.SA | M1: PETR4.SA
A2: 02/01/2024 | H2: 02/01/2024 | I2: 1 | J2: 1 | K2: 1 | L2: 1 | M2: 1
A3: 03/01/2024 | B3: =INDEX(ConsolidatedData!$A:$Q,MATCH($A3,ConsolidatedData!$A:$A,0),MATCH(B$1,ConsolidatedData!$A$1:$Q$1,0)) -> -0.0041450389 | C3: =INDEX(ConsolidatedData!$A:$Q,MATCH($A3,ConsolidatedData!$A:$A,0),MATCH(C$1,ConsolidatedData!$A$1:$Q$1,0)) -> 0.0076564207 | D3: =INDEX(ConsolidatedData!$A:$Q,MATCH($A3,ConsolidatedData!$A:$A,0),MATCH(D$1,ConsolidatedData!$A$1:$Q$1,0)) -> 0.034044564 | E3: =INDEX(ConsolidatedData!$A:$Q,MATCH($A3,ConsolidatedData!$A:$A,0),MATCH(E$1,ConsolidatedData!$A$1:$Q$1,0)) -> -0.0021729557 | F3: =INDEX(ConsolidatedData!$A:$Q,MATCH($A3,ConsolidatedData!$A:$A,0),MATCH(F$1,ConsolidatedData!$A$1:$Q$1,0)) -> 0.031233505 | H3: 03/01/2024 | I3: =I2*(1+B3) -> 0.99585496 | J3: =J2*(1+C3) -> 1.0076564 | K3: =K2*(1+D3) -> 1.0340446 | L3: =L2*(1+E3) -> 0.99782704 | M3: =M2*(1+F3) -> 1.0312335
A4: 04/01/2024 | B4: =INDEX(ConsolidatedData!$A:$Q,MATCH($A4,ConsolidatedData!$A:$A,0),MATCH(B$1,ConsolidatedData!$A$1:$Q$1,0)) -> -0.024973982 | C4: =INDEX(ConsolidatedData!$A:$Q,MATCH($A4,ConsolidatedData!$A:$A,0),MATCH(C$1,ConsolidatedData!$A$1:$Q$1,0)) -> -0.013296982 | D4: =INDEX(ConsolidatedData!$A:$Q,MATCH($A4,ConsolidatedData!$A:$A,0),MATCH(D$1,ConsolidatedData!$A$1:$Q$1,0)) -> -0.016216072 | E4: =INDEX(ConsolidatedData!$A:$Q,MATCH($A4,ConsolidatedData!$A:$A,0),MATCH(E$1,ConsolidatedData!$A$1:$Q$1,0)) -> -0.011705507 | F4: =INDEX(ConsolidatedData!$A:$Q,MATCH($A4,ConsolidatedData!$A:$A,0),MATCH(F$1,ConsolidatedData!$A$1:$Q$1,0)) -> -0.0084701928 | H4: 04/01/2024 | I4: =I3*(1+B4) -> 0.9709845 | J4: =J3*(1+C4) -> 0.99425763 | K4: =K3*(1+D4) -> 1.0172764 | L4: =L3*(1+E4) -> 0.98614697 | M4: =M3*(1+F4) -> 1.0224988
A5: 05/01/2024 | B5: =INDEX(ConsolidatedData!$A:$Q,MATCH($A5,ConsolidatedData!$A:$A,0),MATCH(B$1,ConsolidatedData!$A$1:$Q$1,0)) -> 0.010672436 | C5: =INDEX(ConsolidatedData!$A:$Q,MATCH($A5,ConsolidatedData!$A:$A,0),MATCH(C$1,ConsolidatedData!$A$1:$Q$1,0)) -> -0.010726113 | D5: =INDEX(ConsolidatedData!$A:$Q,MATCH($A5,ConsolidatedData!$A:$A,0),MATCH(D$1,ConsolidatedData!$A$1:$Q$1,0)) -> 0.0087411607 | E5: =INDEX(ConsolidatedData!$A:$Q,MATCH($A5,ConsolidatedData!$A:$A,0),MATCH(E$1,ConsolidatedData!$A$1:$Q$1,0)) -> -0.0035807495 | F5: =INDEX(ConsolidatedData!$A:$Q,MATCH($A5,ConsolidatedData!$A:$A,0),MATCH(F$1,ConsolidatedData!$A$1:$Q$1,0)) -> 0.0023298358 | H5: 05/01/2024 | I5: =I4*(1+B5) -> 0.98134727 | J5: =J4*(1+C5) -> 0.98359311 | K5: =K4*(1+D5) -> 1.0261686 | L5: =L4*(1+E5) -> 0.98261583 | M5: =M4*(1+F5) -> 1.024881
A6: 08/01/2024 | B6: =INDEX(ConsolidatedData!$A:$Q,MATCH($A6,ConsolidatedData!$A:$A,0),MATCH(B$1,ConsolidatedData!$A$1:$Q$1,0)) -> 0.0031678392 | C6: =INDEX(ConsolidatedData!$A:$Q,MATCH($A6,ConsolidatedData!$A:$A,0),MATCH(C$1,ConsolidatedData!$A$1:$Q$1,0)) -> 0.0025022359 | D6: =INDEX(ConsolidatedData!$A:$Q,MATCH($A6,ConsolidatedData!$A:$A,0),MATCH(D$1,ConsolidatedData!$A$1:$Q$1,0)) -> -0.018568958 | E6: =INDEX(ConsolidatedData!$A:$Q,MATCH($A6,ConsolidatedData!$A:$A,0),MATCH(E$1,ConsolidatedData!$A$1:$Q$1,0)) -> 0.012577768 | F6: =INDEX(ConsolidatedData!$A:$Q,MATCH($A6,ConsolidatedData!$A:$A,0),MATCH(F$1,ConsolidatedData!$A$1:$Q$1,0)) -> -0.0074897986 | H6: 08/01/2024 | I6: =I5*(1+B6) -> 0.98445602 | J6: =J5*(1+C6) -> 0.98605429 | K6: =K5*(1+D6) -> 1.0071137 | L6: =L5*(1+E6) -> 0.99497494 | M6: =M5*(1+F6) -> 1.0172049
A7: 09/01/2024 | B7: =INDEX(ConsolidatedData!$A:$Q,MATCH($A7,ConsolidatedData!$A:$A,0),MATCH(B$1,ConsolidatedData!$A$1:$Q$1,0)) -> 0.0010526509 | C7: =INDEX(ConsolidatedData!$A:$Q,MATCH($A7,ConsolidatedData!$A:$A,0),MATCH(C$1,ConsolidatedData!$A$1:$Q$1,0)) -> -0.024681231 | D7: =INDEX(ConsolidatedData!$A:$Q,MATCH($A7,ConsolidatedData!$A:$A,0),MATCH(D$1,ConsolidatedData!$A$1:$Q$1,0)) -> -0.0055498612 | E7: =INDEX(ConsolidatedData!$A:$Q,MATCH($A7,ConsolidatedData!$A:$A,0),MATCH(E$1,ConsolidatedData!$A$1:$Q$1,0)) -> 0.0025934766 | F7: =INDEX(ConsolidatedData!$A:$Q,MATCH($A7,ConsolidatedData!$A:$A,0),MATCH(F$1,ConsolidatedData!$A$1:$Q$1,0)) -> -0.0085869475 | H7: 09/01/2024 | I7: =I6*(1+B7) -> 0.98549231 | J7: =J6*(1+C7) -> 0.96171726 | K7: =K6*(1+D7) -> 1.0015244 | L7: =L6*(1+E7) -> 0.99755539 | M7: =M6*(1+F7) -> 1.0084702
A8: 10/01/2024 | B8: =INDEX(ConsolidatedData!$A:$Q,MATCH($A8,ConsolidatedData!$A:$A,0),MATCH(B$1,ConsolidatedData!$A$1:$Q$1,0)) -> -0.0042060591 | C8: =INDEX(ConsolidatedData!$A:$Q,MATCH($A8,ConsolidatedData!$A:$A,0),MATCH(C$1,ConsolidatedData!$A$1:$Q$1,0)) -> 0.0042651084 | D8: =INDEX(ConsolidatedData!$A:$Q,MATCH($A8,ConsolidatedData!$A:$A,0),MATCH(D$1,ConsolidatedData!$A$1:$Q$1,0)) -> -0.0098935415 | E8: =INDEX(ConsolidatedData!$A:$Q,MATCH($A8,ConsolidatedData!$A:$A,0),MATCH(E$1,ConsolidatedData!$A$1:$Q$1,0)) -> 0.017835262 | F8: =INDEX(ConsolidatedData!$A:$Q,MATCH($A8,ConsolidatedData!$A:$A,0),MATCH(F$1,ConsolidatedData!$A$1:$Q$1,0)) -> -0.0091863266 | H8: 10/01/2024 | I8: =I7*(1+B8) -> 0.98134727 | J8: =J7*(1+C8) -> 0.96581909 | K8: =K7*(1+D8) -> 0.99161575 | L8: =L7*(1+E8) -> 1.015347 | M8: =M7*(1+F8) -> 0.99920604
A9: 11/01/2024 | B9: =INDEX(ConsolidatedData!$A:$Q,MATCH($A9,ConsolidatedData!$A:$A,0),MATCH(B$1,ConsolidatedData!$A$1:$Q$1,0)) -> -0.016895417 | C9: =INDEX(ConsolidatedData!$A:$Q,MATCH($A9,ConsolidatedData!$A:$A,0),MATCH(C$1,ConsolidatedData!$A$1:$Q$1,0)) -> -0.014156282 | D9: =INDEX(ConsolidatedData!$A:$Q,MATCH($A9,ConsolidatedData!$A:$A,0),MATCH(D$1,ConsolidatedData!$A$1:$Q$1,0)) -> 0.010248514 | E9: =INDEX(ConsolidatedData!$A:$Q,MATCH($A9,ConsolidatedData!$A:$A,0),MATCH(E$1,ConsolidatedData!$A$1:$Q$1,0)) -> 0.024478282 | F9: =INDEX(ConsolidatedData!$A:$Q,MATCH($A9,ConsolidatedData!$A:$A,0),MATCH(F$1,ConsolidatedData!$A$1:$Q$1,0)) -> 0.0084768438 | H9: 11/01/2024 | I9: =I8*(1+B9) -> 0.964767 | J9: =J8*(1+C9) -> 0.95214668 | K9: =K8*(1+D9) -> 1.0017783 | L9: =L8*(1+E9) -> 1.040201 | M9: =M8*(1+F9) -> 1.0076762
A10: 12/01/2024 | B10: =INDEX(ConsolidatedData!$A:$Q,MATCH($A10,ConsolidatedData!$A:$A,0),MATCH(B$1,ConsolidatedData!$A$1:$Q$1,0)) -> 0.026852859 | C10: =INDEX(ConsolidatedData!$A:$Q,MATCH($A10,ConsolidatedData!$A:$A,0),MATCH(C$1,ConsolidatedData!$A$1:$Q$1,0)) -> -0.004307868 | D10: =INDEX(ConsolidatedData!$A:$Q,MATCH($A10,ConsolidatedData!$A:$A,0),MATCH(D$1,ConsolidatedData!$A$1:$Q$1,0)) -> 0.005325905 | E10: =INDEX(ConsolidatedData!$A:$Q,MATCH($A10,ConsolidatedData!$A:$A,0),MATCH(E$1,ConsolidatedData!$A$1:$Q$1,0)) -> 0.0058754941 | F10: =INDEX(ConsolidatedData!$A:$Q,MATCH($A10,ConsolidatedData!$A:$A,0),MATCH(F$1,ConsolidatedData!$A$1:$Q$1,0)) -> 0.0026265401 | H10: 12/01/2024 | I10: =I9*(1+B10) -> 0.99067375 | J10: =J9*(1+C10) -> 0.94804496 | K10: =K9*(1+D10) -> 1.0071137 | L10: =L9*(1+E10) -> 1.0463127 | M10: =M9*(1+F10) -> 1.0103229
A11: 15/01/2024 | B11: =INDEX(ConsolidatedData!$A:$Q,MATCH($A11,ConsolidatedData!$A:$A,0),MATCH(B$1,ConsolidatedData!$A$1:$Q$1,0)) -> 0.0041840605 | C11: =INDEX(ConsolidatedData!$A:$Q,MATCH($A11,ConsolidatedData!$A:$A,0),MATCH(C$1,ConsolidatedData!$A$1:$Q$1,0)) -> -0.010095181 | D11: =INDEX(ConsolidatedData!$A:$Q,MATCH($A11,ConsolidatedData!$A:$A,0),MATCH(D$1,ConsolidatedData!$A$1:$Q$1,0)) -> 0.010090921 | E11: =INDEX(ConsolidatedData!$A:$Q,MATCH($A11,ConsolidatedData!$A:$A,0),MATCH(E$1,ConsolidatedData!$A$1:$Q$1,0)) -> 0.0033749478 | F11: =INDEX(ConsolidatedData!$A:$Q,MATCH($A11,ConsolidatedData!$A:$A,0),MATCH(F$1,ConsolidatedData!$A$1:$Q$1,0)) -> 0.010741607 | H11: 15/01/2024 | I11: =I10*(1+B11) -> 0.99481879 | J11: =J10*(1+C11) -> 0.93847427 | K11: =K10*(1+D11) -> 1.0172764 | L11: =L10*(1+E11) -> 1.0498439 | M11: =M10*(1+F11) -> 1.0211753
A12: 16/01/2024 | B12: =INDEX(ConsolidatedData!$A:$Q,MATCH($A12,ConsolidatedData!$A:$A,0),MATCH(B$1,ConsolidatedData!$A$1:$Q$1,0)) -> -0.02500011 | C12: =INDEX(ConsolidatedData!$A:$Q,MATCH($A12,ConsolidatedData!$A:$A,0),MATCH(C$1,ConsolidatedData!$A$1:$Q$1,0)) -> -0.020687708 | D12: =INDEX(ConsolidatedData!$A:$Q,MATCH($A12,ConsolidatedData!$A:$A,0),MATCH(D$1,ConsolidatedData!$A$1:$Q$1,0)) -> -0.010989065 | E12: =INDEX(ConsolidatedData!$A:$Q,MATCH($A12,ConsolidatedData!$A:$A,0),MATCH(E$1,ConsolidatedData!$A$1:$Q$1,0)) -> -0.014230366 | F12: =INDEX(ConsolidatedData!$A:$Q,MATCH($A12,ConsolidatedData!$A:$A,0),MATCH(F$1,ConsolidatedData!$A$1:$Q$1,0)) -> -0.012441713 | H12: 16/01/2024 | I12: =I11*(1+B12) -> 0.96994821 | J12: =J11*(1+C12) -> 0.91905939 | K12: =K11*(1+D12) -> 1.0060975 | L12: =L11*(1+E12) -> 1.0349043 | M12: =M11*(1+F12) -> 1.0084702
A13: 17/01/2024 | B13: =INDEX(ConsolidatedData!$A:$Q,MATCH($A13,ConsolidatedData!$A:$A,0),MATCH(B$1,ConsolidatedData!$A$1:$Q$1,0)) -> -0.011752056 | C13: =INDEX(ConsolidatedData!$A:$Q,MATCH($A13,ConsolidatedData!$A:$A,0),MATCH(C$1,ConsolidatedData!$A$1:$Q$1,0)) -> -0.0062482086 | D13: =INDEX(ConsolidatedData!$A:$Q,MATCH($A13,ConsolidatedData!$A:$A,0),MATCH(D$1,ConsolidatedData!$A$1:$Q$1,0)) -> -0.0083332003 | E13: =INDEX(ConsolidatedData!$A:$Q,MATCH($A13,ConsolidatedData!$A:$A,0),MATCH(E$1,ConsolidatedData!$A$1:$Q$1,0)) -> 0.0056430686 | F13: =INDEX(ConsolidatedData!$A:$Q,MATCH($A13,ConsolidatedData!$A:$A,0),MATCH(F$1,ConsolidatedData!$A$1:$Q$1,0)) -> -0.0057741941 | H13: 17/01/2024 | I13: =I12*(1+B13) -> 0.95854932 | J13: =J12*(1+C13) -> 0.91331692 | K13: =K12*(1+D13) -> 0.99771349 | L13: =L12*(1+E13) -> 1.0407443 | M13: =M12*(1+F13) -> 1.0026471
A14: 18/01/2024 | B14: =INDEX(ConsolidatedData!$A:$Q,MATCH($A14,ConsolidatedData!$A:$A,0),MATCH(B$1,ConsolidatedData!$A$1:$Q$1,0)) -> -0.016216213 | C14: =INDEX(ConsolidatedData!$A:$Q,MATCH($A14,ConsolidatedData!$A:$A,0),MATCH(C$1,ConsolidatedData!$A$1:$Q$1,0)) -> -0.0077845 | D14: =INDEX(ConsolidatedData!$A:$Q,MATCH($A14,ConsolidatedData!$A:$A,0),MATCH(D$1,ConsolidatedData!$A$1:$Q$1,0)) -> -0.0073849202 | E14: =INDEX(ConsolidatedData!$A:$Q,MATCH($A14,ConsolidatedData!$A:$A,0),MATCH(E$1,ConsolidatedData!$A$1:$Q$1,0)) -> -0.011483729 | F14: =INDEX(ConsolidatedData!$A:$Q,MATCH($A14,ConsolidatedData!$A:$A,0),MATCH(F$1,ConsolidatedData!$A$1:$Q$1,0)) -> -0.0039598797 | H14: 18/01/2024 | I14: =I13*(1+B14) -> 0.94300528 | J14: =J13*(1+C14) -> 0.9062072 | K14: =K13*(1+D14) -> 0.99034546 | L14: =L13*(1+E14) -> 1.0287927 | M14: =M13*(1+F14) -> 0.99867671
... A245: 30/12/2024 | B245: =INDEX(ConsolidatedData!$A:$Q,MATCH($A245,ConsolidatedData!$A:$A,0),MATCH(B$1,ConsolidatedData!$A$1:$Q$1,0)) -> 0.025903632 | C245: =INDEX(ConsolidatedData!$A:$Q,MATCH($A245,ConsolidatedData!$A:$A,0),MATCH(C$1,ConsolidatedData!$A$1:$Q$1,0)) -> -0.016952307 | D245: =INDEX(ConsolidatedData!$A:$Q,MATCH($A245,ConsolidatedData!$A:$A,0),MATCH(D$1,ConsolidatedData!$A$1:$Q$1,0)) -> 0.014675584 | E245: =INDEX(ConsolidatedData!$A:$Q,MATCH($A245,ConsolidatedData!$A:$A,0),MATCH(E$1,ConsolidatedData!$A$1:$Q$1,0)) -> 0.0023785149 | F245: =INDEX(ConsolidatedData!$A:$Q,MATCH($A245,ConsolidatedData!$A:$A,0),MATCH(F$1,ConsolidatedData!$A$1:$Q$1,0)) -> 0.014862557 | H245: 30/12/2024 | I245: =I244*(1+B245) -> 2.0581986 | J245: =J244*(1+C245) -> 1.4687819 | K245: =K244*(1+D245) -> 1.2107695 | L245: =L244*(1+E245) -> 1.2232957 | M245: =M244*(1+F245) -> 1.1728903
B247: =AVERAGE(B3:B245) -> 0.0034539234 | C247: =AVERAGE(C3:C245) -> 0.001730951 | D247: =AVERAGE(D3:D245) -> 0.0010521641 | E247: =AVERAGE(E3:E245) -> 0.0009418589 | F247: =AVERAGE(F3:F245) -> 0.0007839934

Sheet analise de dados
A1: Date | B1: PETR4.SA | C1: VALE3.SA | D1: ABEV3.SA | E1: AZUL4.SA | F1: B3SA3.SA | G1: LREN3.SA | H1: RENT3.SA | I1: MRFG3.SA | J1: PCAR3.SA | K1: PETR3.SA | L1: CSNA3.SA | M1: SBSP3.SA | N1: RAIL3.SA | O1: RDOR3.SA | P1: PRIO3.SA | Q1: WEGE3.SA | R1: PETR4.SA | S1: VALE3.SA | T1: ABEV3.SA | U1: AZUL4.SA | V1: B3SA3.SA | W1: LREN3.SA | X1: RENT3.SA | Y1: MRFG3.SA | Z1: PCAR3.SA | AA1: PETR3.SA | AB1: CSNA3.SA | AC1: SBSP3.SA | AD1: RAIL3.SA | AE1: RDOR3.SA | AF1: PRIO3.SA | AG1: WEGE3.SA | AI1: PETR4.SA | AJ1: VALE3.SA | AK1: ABEV3.SA | AL1: AZUL4.SA | AM1: B3SA3.SA | AN1: LREN3.SA | AO1: RENT3.SA | AP1: MRFG3.SA | AQ1: PCAR3.SA | AR1: PETR3.SA | AS1: CSNA3.SA | AT1: SBSP3.SA | AU1: RAIL3.SA | AV1: RDOR3.SA | AW1: PRIO3.SA | AX1: WEGE3.SA
B2: - Yahoo | C2: =B2 -> - Yahoo | D2: =C2 -> - Yahoo | E2: =D2 -> - Yahoo | F2: =E2 -> - Yahoo | G2: =F2 -> - Yahoo | H2: =G2 -> - Yahoo | I2: =H2 -> - Yahoo | J2: =I2 -> - Yahoo | ... Q2: =P2 -> - Yahoo | R2: - Brad. | S2: =R2 -> - Brad. | T2: =S2 -> - Brad. | U2: =T2 -> - Brad. | V2: =U2 -> - Brad. | W2: =V2 -> - Brad. | X2: =W2 -> - Brad. | Y2: =X2 -> - Brad. | Z2: =Y2 -> - Brad. | ... AG2: =AF2 -> - Brad. | AI2: - Dif | AJ2: =AI2 -> - Dif | AK2: =AJ2 -> - Dif | AL2: =AK2 -> - Dif | AM2: =AL2 -> - Dif | AN2: =AM2 -> - Dif | AO2: =AN2 -> - Dif | AP2: =AO2 -> - Dif | AQ2: =AP2 -> - Dif | ... AX2: =AW2 -> - Dif
B3: =_xlfn.CONCAT(B1:B2) -> PETR4.SA - Yahoo | C3: =_xlfn.CONCAT(C1:C2) -> VALE3.SA - Yahoo | D3: =_xlfn.CONCAT(D1:D2) -> ABEV3.SA - Yahoo | E3: =_xlfn.CONCAT(E1:E2) -> AZUL4.SA - Yahoo | F3: =_xlfn.CONCAT(F1:F2) -> B3SA3.SA - Yahoo | G3: =_xlfn.CONCAT(G1:G2) -> LREN3.SA - Yahoo | H3: =_xlfn.CONCAT(H1:H2) -> RENT3.SA - Yahoo | I3: =_xlfn.CONCAT(I1:I2) -> MRFG3.SA - Yahoo | ... AG3: =_xlfn.CONCAT(AG1:AG2) -> WEGE3.SA - Brad. | AI3: =_xlfn.CONCAT(AI1:AI2) -> PETR4.SA - Dif | AJ3: =_xlfn.CONCAT(AJ1:AJ2) -> VALE3.SA - Dif | AK3: =_xlfn.CONCAT(AK1:AK2) -> ABEV3.SA - Dif | AL3: =_xlfn.CONCAT(AL1:AL2) -> AZUL4.SA - Dif | AM3: =_xlfn.CONCAT(AM1:AM2) -> B3SA3.SA - Dif | AN3: =_xlfn.CONCAT(AN1:AN2) -> LREN3.SA - Dif | AO3: =_xlfn.CONCAT(AO1:AO2) -> RENT3.SA - Dif | AP3: =_xlfn.CONCAT(AP1:AP2) -> MRFG3.SA - Dif | ... AX3: =_xlfn.CONCAT(AX1:AX2) -> WEGE3.SA - Dif
A4: 45293 | B4: 31.24947 | C4: 67.873283 | D4: 13.581745 | E4: 14.7 | F4: 13.849069 | G4: 15.017121 | H4: 58.121574 | I4: 8.2696104 | J4: 4.1900001 | K4: 33.816502 | L4: 17.525312 | M4: 72.345551 | N4: 22.14802 | O4: 27.132502 | P4: 45.349998 | Q4: 35.642941 | R4: 30.855398 | S4: 70.522316 | T4: 12.993819 | U4: 14.7 | V4: 13.715865 | W4: 14.94535 | X4: 58.893494 | Y4: 8.2742262 | Z4: 4.1900001 | AA4: 32.549549 | AB4: 17.525312 | AC4: 72.345551 | AD4: 22.14802 | AE4: 27.091566 | AF4: 45.349998 | AG4: 35.927731 | AI4: =B4-R4 -> 0.39407158 | AJ4: =C4-S4 -> -2.6490326 | AK4: =D4-T4 -> 0.58792591 | AL4: =E4-U4 -> -4.0856207e-14 | AM4: =F4-V4 -> 0.13320351 | AN4: =G4-W4 -> 0.071771622 | AO4: =H4-X4 -> -0.77191925 | AP4: =I4-Y4 -> -0.0046157837 | ... AX4: =Q4-AG4 -> -0.28479004
A5: 45294 | B5: 32.225506 | C5: 67.52092 | D5: 13.472775 | E5: 14.21 | F5: 13.809975 | G5: 14.737895 | H5: 57.780022 | I5: 8.2353325 | J5: 4.6300001 | K5: 34.967773 | L5: 17.678804 | M5: 72.188347 | N5: 22.277422 | O5: 26.887976 | P5: 46.880001 | Q5: 35.915852 | R5: 31.81912 | S5: 70.156204 | T5: 12.889565 | U5: 14.21 | V5: 13.677146 | W5: 14.667458 | X5: 58.547401 | Y5: 8.2399292 | Z5: 4.6300001 | AA5: 33.657684 | AB5: 17.678806 | AC5: 72.188347 | AD5: 22.277422 | AE5: 26.847408 | AF5: 46.880001 | AG5: 36.202808 | AI5: =B5-R5 -> 0.40638542 | AJ5: =C5-S5 -> -2.6352844 | AK5: =D5-T5 -> 0.58320904 | AL5: =E5-U5 -> -7.1054274e-14 | AM5: =F5-V5 -> 0.13282871 | AN5: =G5-W5 -> 0.070437431 | AO5: =H5-X5 -> -0.76737976 | AP5: =I5-Y5 -> -0.0045967102 | ... AX5: =Q5-AG5 -> -0.28695679
A6: 45295 | B6: 31.952545 | C6: 66.613586 | D6: 13.522306 | E6: 13.84 | F6: 13.409261 | G6: 14.161991 | H6: 56.575085 | I6: 8.029664 | J6: 4.4499998 | K6: 34.400734 | L6: 17.416964 | M6: 71.343346 | N6: 22.297331 | O6: 26.643452 | P6: 46.419998 | Q6: 35.438271 | R6: 31.549606 | S6: 69.21347 | T6: 12.936953 | U6: 13.84 | V6: 13.280286 | W6: 14.094307 | X6: 57.326458 | Y6: 8.0341454 | Z6: 4.4499998 | AA6: 33.111889 | AB6: 17.416964 | AC6: 71.343346 | AD6: 22.297331 | AE6: 26.603254 | AF6: 46.419998 | AG6: 35.72142 | AI6: =B6-R6 -> 0.40293884 | AJ6: =C6-S6 -> -2.599884 | AK6: =D6-T6 -> 0.58535385 | AL6: =E6-U6 -> -9.0594199e-14 | AM6: =F6-V6 -> 0.12897491 | AN6: =G6-W6 -> 0.067684174 | AO6: =H6-X6 -> -0.75137329 | AP6: =I6-Y6 -> -0.0044813156 | ... AX6: =Q6-AG6 -> -0.28314972
A7: 45296 | B7: 32.026989 | C7: 65.759125 | D7: 13.472775 | E7: 13.83 | F7: 13.6536 | G7: 14.519749 | H7: 57.400505 | I7: 8.1153593 | J7: 4.0999999 | K7: 34.701439 | L7: 17.371819 | M7: 71.087883 | N7: 22.546185 | O7: 27.38681 | P7: 46.080002 | Q7: 35.058159 | R7: 31.623112 | S7: 68.325645 | T7: 12.889565 | U7: 13.83 | V7: 13.522275 | W7: 14.450355 | X7: 58.162853 | Y7: 8.1198893 | Z7: 4.0999999 | AA7: 33.401325 | AB7: 17.371819 | AC7: 71.087883 | AD7: 22.546185 | AE7: 27.34549 | AF7: 46.080002 | AG7: 35.338268 | AI7: =B7-R7 -> 0.40387726 | AJ7: =C7-S7 -> -2.5665207 | AK7: =D7-T7 -> 0.58320904 | AL7: =E7-U7 -> -4.9737992e-14 | AM7: =F7-V7 -> 0.13132477 | AN7: =G7-W7 -> 0.069394112 | AO7: =H7-X7 -> -0.76234818 | AP7: =I7-Y7 -> -0.004529953 | ... AX7: =Q7-AG7 -> -0.28010941
A8: 45299 | B8: 31.787119 | C8: 65.424377 | D8: 13.581745 | E8: 14.89 | F8: 13.956578 | G8: 15.078201 | H8: 59.582676 | I8: 8.1410675 | J8: 4.0900002 | K8: 34.057068 | L8: 17.380848 | M8: 71.98201 | N8: 23.531647 | O8: 28.247536 | P8: 45.75 | Q8: 35.145874 | R8: 31.386261 | S8: 67.977829 | T8: 12.993819 | U8: 14.89 | V8: 13.822338 | W8: 15.006139 | X8: 60.374001 | Y8: 8.1456118 | Z8: 4.0900002 | AA8: 32.781097 | AB8: 17.380848 | AC8: 71.98201 | AD8: 23.531647 | AE8: 28.204918 | AF8: 45.75 | AG8: 35.426693 | AI8: =B8-R8 -> 0.40085793 | AJ8: =C8-S8 -> -2.5534515 | AK8: =D8-T8 -> 0.58792591 | AL8: =E8-U8 -> -4.9737992e-14 | AM8: =F8-V8 -> 0.13424015 | AN8: =G8-W8 -> 0.072062492 | AO8: =H8-X8 -> -0.79132462 | AP8: =I8-Y8 -> -0.0045442581 | ... AX8: =Q8-AG8 -> -0.28081894
A9: 45300 | B9: 31.514156 | C9: 64.596344 | D9: 13.492587 | E9: 14.82 | F9: 13.741561 | G9: 14.668089 | H9: 59.0229 | I9: 8.1496372 | J9: 3.9200001 | K9: 33.868053 | L9: 16.604351 | M9: 72.168694 | N9: 23.39229 | O9: 27.905201 | P9: 46.279999 | Q9: 34.278431 | R9: 31.116749 | S9: 67.117485 | T9: 12.90852 | U9: 14.82 | V9: 13.609391 | W9: 14.597987 | X9: 59.806789 | Y9: 8.1541862 | Z9: 3.9200001 | AA9: 32.599167 | AB9: 16.604351 | AC9: 72.168694 | AD9: 23.39229 | AE9: 27.8631 | AF9: 46.279999 | AG9: 34.552319 | AI9: =B9-R9 -> 0.39740753 | AJ9: =C9-S9 -> -2.5211411 | AK9: =D9-T9 -> 0.58406734 | AL9: =E9-U9 -> -2.1316282e-14 | AM9: =F9-V9 -> 0.13216972 | AN9: =G9-W9 -> 0.070101738 | AO9: =H9-X9 -> -0.78388977 | AP9: =I9-Y9 -> -0.0045490265 | ... AX9: =Q9-AG9 -> -0.27388763
A10: 45301 | B10: 31.224663 | C10: 63.62735 | D10: 13.631278 | E10: 14.69 | F10: 13.604732 | G10: 14.388863 | H10: 59.772434 | I10: 8.1153593 | J10: 3.77 | K10: 33.532986 | L10: 16.170961 | M10: 73.455841 | N10: 23.700869 | O10: 27.807392 | P10: 44.349998 | Q10: 34.424637 | R10: 30.8309 | S10: 66.110664 | T10: 13.041207 | U10: 14.69 | V10: 13.473877 | W10: 14.320093 | X10: 60.566277 | Y10: 8.1198893 | Z10: 3.77 | AA10: 32.276646 | AB10: 16.170959 | AC10: 73.455841 | AD10: 23.700869 | AE10: 27.765438 | AF10: 44.349998 | AG10: 34.699688 | AI10: =B10-R10 -> 0.39376259 | AJ10: =C10-S10 -> -2.4833145 | AK10: =D10-T10 -> 0.59007072 | AL10: =E10-U10 -> 0 | AM10: =F10-V10 -> 0.13085461 | AN10: =G10-W10 -> 0.068769455 | AO10: =H10-X10 -> -0.79384232 | AP10: =I10-Y10 -> -0.004529953 | ... AX10: =Q10-AG10 -> -0.27505112
A11: 45302 | B11: 31.489346 | C11: 63.962086 | D11: 13.433149 | E11: 14.22 | F11: 13.634051 | G11: 14.353958 | H11: 57.884377 | I11: 7.9782467 | J11: 3.6700001 | K11: 33.876644 | L11: 16.134844 | M11: 75.253914 | N11: 23.004078 | O11: 27.435713 | P11: 45.5 | Q11: 33.937309 | R11: 31.092249 | S11: 66.458473 | T11: 12.851655 | U11: 14.22 | V11: 13.502914 | W11: 14.285357 | X11: 58.653149 | Y11: 7.9827003 | Z11: 3.6700001 | AA11: 32.607433 | AB11: 16.134844 | AC11: 75.253914 | AD11: 23.004078 | AE11: 27.394318 | AF11: 45.5 | AG11: 34.208469 | AI11: =B11-R11 -> 0.39709663 | AJ11: =C11-S11 -> -2.4963875 | AK11: =D11-T11 -> 0.58149433 | AL11: =E11-U11 -> 0 | AM11: =F11-V11 -> 0.13113689 | AN11: =G11-W11 -> 0.068600655 | AO11: =H11-X11 -> -0.76877213 | AP11: =I11-Y11 -> -0.0044536591 | ... AX11: =Q11-AG11 -> -0.27116013
A12: 45303 | B12: 31.572056 | C12: 63.151665 | D12: 13.462868 | E12: 13.97 | F12: 13.780655 | G12: 14.798975 | H12: 57.874893 | I12: 8.1924858 | J12: 4.0799999 | K12: 34.057068 | L12: 16.161932 | M12: 75.696068 | N12: 23.362427 | O12: 27.621553 | P12: 46.080002 | Q12: 33.791103 | R12: 31.173914 | S12: 65.616417 | T12: 12.880088 | U12: 13.97 | V12: 13.648108 | W12: 14.728248 | X12: 58.643536 | Y12: 8.1970587 | Z12: 4.0799999 | AA12: 32.781097 | AB12: 16.161932 | AC12: 75.696068 | AD12: 23.362427 | AE12: 27.579878 | AF12: 46.080002 | AG12: 34.061104 | AI12: =B12-R12 -> 0.39814186 | AJ12: =C12-S12 -> -2.4647522 | AK12: =D12-T12 -> 0.58277988 | AL12: =E12-U12 -> 0 | AM12: =F12-V12 -> 0.13254642 | AN12: =G12-W12 -> 0.070727348 | AO12: =H12-X12 -> -0.76864243 | AP12: =I12-Y12 -> -0.0045728683 | ... AX12: =Q12-AG12 -> -0.27000046
A13: 45306 | B13: 31.911192 | C13: 63.028343 | D13: 13.462868 | E13: 13.64 | F13: 13.809975 | G13: 14.833879 | H13: 58.045673 | I13: 8.2267637 | J13: 5 | K13: 34.400734 | L13: 16.107758 | M13: 75.951538 | N13: 23.183252 | O13: 27.729143 | P13: 47.07 | Q13: 33.449986 | R13: 31.508772 | S13: 65.488281 | T13: 12.880088 | U13: 13.64 | V13: 13.677146 | W13: 14.762983 | X13: 58.816582 | Y13: 8.2313557 | Z13: 5 | AA13: 33.111889 | AB13: 16.107758 | AC13: 75.951538 | AD13: 23.183252 | AE13: 27.687307 | AF13: 47.07 | AG13: 33.717251 | AI13: =B13-R13 -> 0.40242004 | AJ13: =C13-S13 -> -2.459938 | AK13: =D13-T13 -> 0.58277988 | AL13: =E13-U13 -> -4.9737992e-14 | AM13: =F13-V13 -> 0.13282871 | AN13: =G13-W13 -> 0.070895195 | AO13: =H13-X13 -> -0.77090836 | AP13: =I13-Y13 -> -0.0045919418 | ... AX13: =Q13-AG13 -> -0.26726532
A14: 45307 | B14: 31.514156 | C14: 62.209103 | D14: 13.225114 | E14: 12.92 | F14: 13.663372 | G14: 14.580831 | H14: 57.19178 | I14: 8.0210943 | J14: 4.7600002 | K14: 34.022701 | L14: 15.520872 | M14: 74.87072 | N14: 22.665636 | O14: 26.829292 | P14: 45.880001 | Q14: 32.757984 | R14: 31.116749 | S14: 64.637062 | T14: 12.652625 | U14: 12.92 | V14: 13.531953 | W14: 14.511146 | X14: 57.951347 | Y14: 8.0255709 | Z14: 4.7600002 | AA14: 32.74802 | AB14: 15.520872 | AC14: 74.87072 | AD14: 22.665636 | AE14: 26.788815 | AF14: 45.880001 | AG14: 33.019718 | AI14: =B14-R14 -> 0.39740753 | AJ14: =C14-S14 -> -2.4279594 | AK14: =D14-T14 -> 0.57248878 | AL14: =E14-U14 -> -5.1514348e-14 | AM14: =F14-V14 -> 0.13141918 | AN14: =G14-W14 -> 0.069684982 | AO14: =H14-X14 -> -0.75956726 | AP14: =I14-Y14 -> -0.0044765472 | ... AX14: =Q14-AG14 -> -0.26173401
A15: 45308 | B15: 31.332188 | C15: 61.090359 | D15: 13.304365 | E15: 12.55 | F15: 13.419034 | G15: 14.641912 | H15: 57.817966 | I15: 7.9268293 | J15: 4.5799999 | K15: 33.739182 | L15: 15.069422 | M15: 75.293221 | N15: 21.919073 | O15: 26.34024 | P15: 45.049999 | Q15: 32.553307 | R15: 30.937075 | S15: 63.474663 | T15: 12.728446 | U15: 12.55 | V15: 13.289965 | W15: 14.571934 | X15: 58.585854 | Y15: 7.9312539 | Z15: 4.5799999 | AA15: 32.475124 | AB15: 15.069421 | AC15: 75.293221 | AD15: 21.919073 | AE15: 26.300501 | AF15: 45.049999 | AG15: 32.813404 | AI15: =B15-R15 -> 0.39511299 | AJ15: =C15-S15 -> -2.384304 | AK15: =D15-T15 -> 0.57591915 | AL15: =E15-U15 -> -6.0396133e-14 | AM15: =F15-V15 -> 0.12906933 | AN15: =G15-W15 -> 0.06997776 | AO15: =H15-X15 -> -0.76788712 | AP15: =I15-Y15 -> -0.004424572 | ... AX15: =Q15-AG15 -> -0.2600975
... A247: 45643 | B247: 37.39143 | C247: 54.002335 | D247: 12.977452 | E247: 4.0599999 | F247: 10.068683 | G247: 12.993072 | H247: 30.371937 | I247: 16 | J247: 2.51 | K247: 40.381592 | L247: 10.56 | M247: 90.589996 | N247: 18.91 | O247: 26.513472 | P247: 41.32 | Q247: 57.358555 | R247: 36.189999 | S247: 54.549999 | T247: 11.74 | U247: 3.54 | V247: 10.255966 | W247: 12.12 | X247: 32.200001 | Y247: 17.030001 | Z247: 2.55 | AA247: 39.41 | AB247: 8.8599997 | AC247: 88.5 | AD247: 17.84 | AE247: 25.42 | AF247: 40.150002 | AG247: 52.77 | AI247: =B247-R247 -> 1.2014313 | AJ247: =C247-S247 -> -0.54766464 | AK247: =D247-T247 -> 1.2374525 | AL247: =E247-U247 -> 0.51999998 | AM247: =F247-V247 -> -0.18728352 | AN247: =G247-W247 -> 0.87307167 | AO247: =H247-X247 -> -1.828064 | AP247: =I247-Y247 -> -1.0300007 | ... AX247: =Q247-AG247 -> 4.5885544
A248: 45644 | B248: 36.424919 | C248: 52.751167 | D248: 12.640633 | E248: 3.5899999 | F248: 9.8100014 | G248: 12.244781 | H248: 29.537708 | I248: 16.290001 | J248: 2.26 | K248: 39.482052 | L248: 9.4899998 | M248: 87.900002 | N248: 18.15 | O248: 26.006653 | P248: 39.919998 | Q248: 56.516502
A249: 45645 | B249: 36.278477 | C249: 51.750233 | D249: 12.660445 | E249: 3.6900001 | F249: 9.9293919 | G249: 12.643222 | H249: 32.123367 | I249: 16.370001 | J249: 2.3499999 | K249: 39.120277 | L249: 9.25 | M249: 87.190002 | N249: 18.5 | O249: 26.225281 | P249: 39.68 | Q249: 55.932018
A250: 45646 | B250: 35.975826 | C250: 52.568302 | D250: 12.11559 | E250: 3.6400001 | F250: 10.217922 | G250: 13.051381 | H250: 33.238556 | I250: 16.799999 | J250: 2.4100001 | K250: 38.836727 | L250: 9.3000002 | M250: 86.620003 | N250: 18.65 | O250: 26.742035 | P250: 40.27 | Q250: 55.020622
A251: 45649 | B251: 35.985592 | C251: 52.789661 | D251: 12.105684 | E251: 3.3 | F251: 10.207973 | G251: 12.273934 | H251: 32.449043 | I251: 16.66 | J251: 2.4300001 | K251: 39.130058 | L251: 8.8599997 | M251: 88.400002 | N251: 18.190001 | O251: 25.996716 | P251: 39.25 | Q251: 53.810059
A252: 45652 | B252: 34.921452 | C252: 52.943653 | D252: 12.026433 | E252: 3.3399999 | F252: 10.277617 | G252: 12.225344 | H252: 32.103626 | I252: 16.83 | J252: 2.5599999 | K252: 38.406509 | L252: 8.8999996 | M252: 88.559998 | N252: 17.959999 | O252: 25.509775 | P252: 39.900002 | Q252: 54.22673
A253: 45653 | B253: 34.81406 | C253: 52.6838 | D253: 11.957087 | E253: 3.3599999 | F253: 10.307466 | G253: 12.038774 | H253: 32.074024 | I253: 16.6 | J253: 2.5899999 | K253: 37.976295 | L253: 8.6800003 | M253: 88.290001 | N253: 17.85 | O253: 25.12221 | P253: 39.91 | Q253: 53.254498
A254: 45656 | B254: 35.331486 | C254: 52.500935 | D254: 11.630174 | E254: 3.54 | F254: 10.267669 | G254: 11.940256 | H254: 31.777956 | I254: 17.030001 | J254: 2.55 | K254: 38.533619 | L254: 8.8599997 | M254: 88.5 | N254: 17.84 | O254: 25.261335 | P254: 40.150002 | Q254: 52.351711
